{
  "badjuju": {
    "category": "record",
    "sounds": [{
      "name": "badjuju",
	  "stream": true
    }]
  },
  "vastvalley": {
    "category": "record",
    "sounds": [{
      "name": "Radiarc - Vast Valley",
	  "stream": true
    }]
  },
  "endlessskies": {
    "category": "record",
    "sounds": [{
      "name": "Endless_Skies_2",
	  "stream": true
    }]
  },
  "teleport": {
    "category": "player",
    "sounds": [
      "TeleportSFX"
    ]
  },
  "restore": {
    "category": "player",
    "sounds": [
      "RestoreSFX"
    ]
  },
  "absolution": {
    "category": "record",
    "sounds": [{
      "name": "Absolution",
	  "stream": true
    }]
  },
  "badjujusnippet": {
    "category": "record",
    "sounds": [{
      "name": "badjujusnippet",
	  "stream": true
    }]
  },
  "thepathofdarkness": {
    "category": "record",
    "sounds": [{
      "name": "Radiarc - The Path of Darkness",
	  "stream": true
    }]
  },
  "throughthewoods": {
    "category": "record",
    "sounds": [{
      "name": "Radiarc - Through the Woods",
	  "stream": true
    }]
  },
  "isolatingthevariable": {
    "category": "record",
    "sounds": [{
      "name": "Isolating_the_Variable",
	  "stream": true
    }]
  },
  "winterglade": {
    "category": "record",
    "sounds": [{
      "name": "Winterglade",
	  "stream": true
    }]
  },
  "flamescalemountain": {
    "category": "record",
    "sounds": [{
      "name": "Radiarc_-_Flamescale_Mountain",
	  "stream": true
    }]
  },
  "ruinsofharmony": {
    "category": "record",
    "sounds": [{
      "name": "Ruins_of_Harmony",
	  "stream": true
    }]
  },
  "thegriffonkingdom": {
    "category": "record",
    "sounds": [{
      "name": "Radiarc - The Griffon Kingdom",
	  "stream": true
    }]
  },
  "ohno": {
    "category": "record",
    "sounds": [{
      "name": "Oh_no",
	  "stream": true
    }]
  },
  "shh": {
    "category": "record",
    "sounds": [{
      "name": "Shh",
	  "stream": true
    }]
  },
  "thecrystalkingdom": {
    "category": "record",
	"sounds": [{
      "name": "The_Crystal_Kingdom",
	  "stream": true
    }]
  },
  "risingsun": {
    "category": "record",
	"sounds": [{
      "name": "Rising_Sun",
	  "stream": true
    }]
  },
  "dreams": {
    "category": "record",
	"sounds": [{
      "name": "Dreams",
	  "stream": true
    }]
  },
  "daring": {
    "category": "record",
	"sounds": [{
      "name": "Radiarc - Daring",
	  "stream": true
    }]
  },
  "dregs": {
    "category": "record",
    "sounds": [{
      "name": "dregs_of_a_bitter_cup",
	  "stream": true
    }]
  },
  
  "chaosarranged": {
    "category": "record",
    "sounds": [{
      "name": "Radiarc_-_Chaos_Arranged",
	  "stream": true
    }]
  },
  "gildedinblood": {
    "category": "record",
    "sounds": [{
      "name": "Radiarc - Gilded in Blood",
	  "stream": true
    }]
  },
  "labyrinth": {
    "category": "record",
    "sounds": [{
      "name": "Radiarc - Labyrinth",
	  "stream": true
    }]
  },
  "theedge": {
    "category": "record",
    "sounds": [{
      "name": "Radiarc_-_The_Edge",
	  "stream": true
    }]
  },
  "redemption": {
    "category": "record",
    "sounds": [{
      "name": "Redemption",
	  "stream": true
    }]
  },
  "calling": {
    "category": "record",
    "sounds": [{
      "name": "Radiarc - Calling",
	  "stream": true
    }]
  },
  "blank": {
    "category": "record",
    "sounds": [{
      "name": "blank",
	  "stream": true
    }]
  }
}